,total_revenue,year,yoy_growth
0,131335.0,2021,
1,223552.0,2022,70.21509879316253
2,293513.0,2023,31.2951796450043
3,212579.0,2024,-27.574247137264784
