,year,yearly_aov,yoy_growth
0,2021,470.7347670250896,
1,2022,649.8604651162791,38.05236210259404
2,2023,703.8681055155876,8.310651793480762
3,2024,664.309375,-5.620190800748171
