,total_orders,year,yoy_growth
0,279,2021,
1,344,2022,23.297491039426532
2,417,2023,21.220930232558132
3,320,2024,-23.26139088729017
